Team,Record,Win Pct,Division GB,WildCard GB,League GB,Date Collected
New York Yankees,25-18,0.581,0.0,0.0,3.5,2025-05-15
Toronto Blue Jays,21-21,0.500,3.5,3.5,7.0,2025-05-15
Boston Red Sox,22-23,0.489,4.0,4.0,7.5,2025-05-15
Tampa Bay Rays,19-23,0.452,5.5,5.5,9.0,2025-05-15
Baltimore Orioles,15-26,0.366,9.0,9.0,12.5,2025-05-15
Detroit Tigers,29-15,0.659,0.0,-3.5,0.0,2025-05-15
Cleveland Guardians,25-18,0.581,3.5,0.0,3.5,2025-05-15
Kansas City Royals,25-20,0.556,4.5,1.0,4.5,2025-05-15
Minnesota Twins,23-20,0.535,5.5,2.0,5.5,2025-05-15
Chicago White Sox,14-29,0.326,14.5,11.0,14.5,2025-05-15
Seattle Mariners,23-19,0.548,0.0,1.5,5.0,2025-05-15
Houston Astros,22-20,0.524,1.0,2.5,6.0,2025-05-15
Texas Rangers,23-21,0.523,1.0,2.5,6.0,2025-05-15
Athletics,22-21,0.512,1.5,3.0,6.5,2025-05-15
Los Angeles Angels of Anaheim,17-25,0.405,6.0,7.5,11.0,2025-05-15
New York Mets,28-16,0.636,0.0,0.0,0.5,2025-05-15
Philadelphia Phillies,25-18,0.581,2.5,2.5,3.0,2025-05-15
Atlanta Braves,21-22,0.488,6.5,6.5,7.0,2025-05-15
Washington Nationals,18-26,0.409,10.0,10.0,10.5,2025-05-15
Miami Marlins,16-26,0.381,11.0,11.0,11.5,2025-05-15
Chicago Cubs,25-19,0.568,0.0,3.0,3.5,2025-05-15
St. Louis Cardinals,24-20,0.545,1.0,4.0,4.5,2025-05-15
Milwaukee Brewers,21-23,0.477,4.0,7.0,7.5,2025-05-15
Cincinnati Reds,20-24,0.455,5.0,8.0,8.5,2025-05-15
Pittsburgh Pirates,15-29,0.341,10.0,13.0,13.5,2025-05-15
Los Angeles Dodgers,28-15,0.651,0.0,-0.5,0.0,2025-05-15
San Diego Padres,27-15,0.643,0.5,0.0,0.5,2025-05-15
San Francisco Giants,25-19,0.568,3.5,3.0,3.5,2025-05-15
Arizona Diamondbacks,23-21,0.523,5.5,5.0,5.5,2025-05-15
Colorado Rockies,7-36,0.163,21.0,20.5,21.0,2025-05-15
New York Yankees,25-18,0.581,0.0,0.0,3.5,2025-05-16
Boston Red Sox,22-23,0.489,4.0,4.0,7.5,2025-05-16
Toronto Blue Jays,21-22,0.488,4.0,4.0,7.5,2025-05-16
Tampa Bay Rays,20-23,0.465,5.0,5.0,8.5,2025-05-16
Baltimore Orioles,15-27,0.357,9.5,9.5,13.0,2025-05-16
Detroit Tigers,29-15,0.659,0.0,-3.5,0.0,2025-05-16
Cleveland Guardians,25-18,0.581,3.5,0.0,3.5,2025-05-16
Kansas City Royals,25-20,0.556,4.5,1.0,4.5,2025-05-16
Minnesota Twins,24-20,0.545,5.0,1.5,5.0,2025-05-16
Chicago White Sox,14-30,0.318,15.0,11.5,15.0,2025-05-16
Seattle Mariners,23-19,0.548,0.0,1.5,5.0,2025-05-16
Texas Rangers,24-21,0.533,0.5,2.0,5.5,2025-05-16
Houston Astros,22-21,0.512,1.5,3.0,6.5,2025-05-16
Athletics,22-22,0.500,2.0,3.5,7.0,2025-05-16
Los Angeles Angels of Anaheim,17-25,0.405,6.0,7.5,11.0,2025-05-16
New York Mets,28-16,0.636,0.0,0.0,1.0,2025-05-16
Philadelphia Phillies,25-18,0.581,2.5,2.5,3.5,2025-05-16
Atlanta Braves,22-22,0.500,6.0,6.0,7.0,2025-05-16
Washington Nationals,18-27,0.400,10.5,10.5,11.5,2025-05-16
Miami Marlins,16-26,0.381,11.0,11.0,12.0,2025-05-16
Chicago Cubs,25-19,0.568,0.0,3.0,4.0,2025-05-16
St. Louis Cardinals,24-20,0.545,1.0,4.0,5.0,2025-05-16
Milwaukee Brewers,21-23,0.477,4.0,7.0,8.0,2025-05-16
Cincinnati Reds,21-24,0.467,4.5,7.5,8.5,2025-05-16
Pittsburgh Pirates,15-29,0.341,10.0,13.0,14.0,2025-05-16
Los Angeles Dodgers,29-15,0.659,0.0,-1.0,0.0,2025-05-16
San Diego Padres,27-15,0.643,1.0,0.0,1.0,2025-05-16
San Francisco Giants,25-19,0.568,4.0,3.0,4.0,2025-05-16
Arizona Diamondbacks,23-21,0.523,6.0,5.0,6.0,2025-05-16
Colorado Rockies,7-36,0.163,21.5,20.5,21.5,2025-05-16
New York Yankees,26-18,0.591,0.0,-1.0,3.5,2025-05-17
Boston Red Sox,22-24,0.478,5.0,4.0,8.5,2025-05-17
Toronto Blue Jays,21-23,0.477,5.0,4.0,8.5,2025-05-17
Tampa Bay Rays,20-24,0.455,6.0,5.0,9.5,2025-05-17
Baltimore Orioles,15-28,0.349,10.5,9.5,14.0,2025-05-17
Detroit Tigers,30-15,0.667,0.0,-4.5,0.0,2025-05-17
Cleveland Guardians,25-19,0.568,4.5,0.0,4.5,2025-05-17
Minnesota Twins,25-20,0.556,5.0,0.5,5.0,2025-05-17
Kansas City Royals,25-21,0.543,5.5,1.0,5.5,2025-05-17
Chicago White Sox,14-31,0.311,16.0,11.5,16.0,2025-05-17
Seattle Mariners,24-19,0.558,0.0,0.5,5.0,2025-05-17
Houston Astros,23-21,0.523,1.5,2.0,6.5,2025-05-17
Texas Rangers,24-22,0.522,1.5,2.0,6.5,2025-05-17
Athletics,22-23,0.489,3.0,3.5,8.0,2025-05-17
Los Angeles Angels of Anaheim,18-25,0.419,6.0,6.5,11.0,2025-05-17
New York Mets,28-17,0.622,0.0,0.0,1.0,2025-05-17
Philadelphia Phillies,26-18,0.591,1.5,1.5,2.5,2025-05-17
Atlanta Braves,23-22,0.511,5.0,5.0,6.0,2025-05-17
Washington Nationals,19-27,0.413,9.5,9.5,10.5,2025-05-17
Miami Marlins,17-26,0.395,10.0,10.0,11.0,2025-05-17
Chicago Cubs,26-19,0.578,0.0,2.0,3.0,2025-05-17
St. Louis Cardinals,25-20,0.556,1.0,3.0,4.0,2025-05-17
Cincinnati Reds,22-24,0.478,4.5,6.5,7.5,2025-05-17
Milwaukee Brewers,21-24,0.467,5.0,7.0,8.0,2025-05-17
Pittsburgh Pirates,15-30,0.333,11.0,13.0,14.0,2025-05-17
Los Angeles Dodgers,29-16,0.644,0.0,-1.0,0.0,2025-05-17
San Diego Padres,27-16,0.628,1.0,0.0,1.0,2025-05-17
San Francisco Giants,26-19,0.578,3.0,2.0,3.0,2025-05-17
Arizona Diamondbacks,24-21,0.533,5.0,4.0,5.0,2025-05-17
Colorado Rockies,7-37,0.159,21.5,20.5,21.5,2025-05-17
New York Yankees,26-19,0.578,0.0,-0.5,3.5,2025-05-18
Boston Red Sox,23-24,0.489,4.0,3.5,7.5,2025-05-18
Toronto Blue Jays,22-23,0.489,4.0,3.5,7.5,2025-05-18
Tampa Bay Rays,21-24,0.467,5.0,4.5,8.5,2025-05-18
Baltimore Orioles,15-29,0.341,10.5,10.0,14.0,2025-05-18
Detroit Tigers,30-16,0.652,0.0,-4.0,0.0,2025-05-18
Minnesota Twins,26-20,0.565,4.0,0.0,4.0,2025-05-18
Cleveland Guardians,25-20,0.556,4.5,0.5,4.5,2025-05-18
Kansas City Royals,25-22,0.532,5.5,1.5,5.5,2025-05-18
Chicago White Sox,14-32,0.304,16.0,12.0,16.0,2025-05-18
Seattle Mariners,25-19,0.568,0.0,0.0,4.0,2025-05-18
Texas Rangers,25-22,0.532,1.5,1.5,5.5,2025-05-18
Houston Astros,23-22,0.511,2.5,2.5,6.5,2025-05-18
Athletics,22-24,0.478,4.0,4.0,8.0,2025-05-18
Los Angeles Angels of Anaheim,19-25,0.432,6.0,6.0,10.0,2025-05-18
New York Mets,29-17,0.630,0.0,-1.0,0.0,2025-05-18
Philadelphia Phillies,27-18,0.600,1.5,0.5,1.5,2025-05-18
Atlanta Braves,23-23,0.500,6.0,5.0,6.0,2025-05-18
Washington Nationals,20-27,0.426,9.5,8.5,9.5,2025-05-18
Miami Marlins,17-27,0.386,11.0,10.0,11.0,2025-05-18
Chicago Cubs,27-19,0.587,0.0,1.0,2.0,2025-05-18
St. Louis Cardinals,26-20,0.565,1.0,2.0,3.0,2025-05-18
Cincinnati Reds,23-24,0.489,4.5,5.5,6.5,2025-05-18
Milwaukee Brewers,21-25,0.457,6.0,7.0,8.0,2025-05-18
Pittsburgh Pirates,15-31,0.326,12.0,13.0,14.0,2025-05-18
Los Angeles Dodgers,29-17,0.630,0.0,-1.0,0.0,2025-05-18
San Diego Padres,27-17,0.614,1.0,0.0,1.0,2025-05-18
San Francisco Giants,27-19,0.587,2.0,1.0,2.0,2025-05-18
Arizona Diamondbacks,24-22,0.522,5.0,4.0,5.0,2025-05-18
Colorado Rockies,8-37,0.178,20.5,19.5,20.5,2025-05-18
New York Yankees,27-19,0.587,0.0,-1.5,3.5,2025-05-19
Boston Red Sox,23-25,0.479,5.0,3.5,8.5,2025-05-19
Toronto Blue Jays,22-24,0.478,5.0,3.5,8.5,2025-05-19
Tampa Bay Rays,21-25,0.457,6.0,4.5,9.5,2025-05-19
Baltimore Orioles,15-30,0.333,11.5,10.0,15.0,2025-05-19
Detroit Tigers,31-16,0.660,0.0,-5.0,0.0,2025-05-19
Minnesota Twins,26-21,0.553,5.0,0.0,5.0,2025-05-19
Cleveland Guardians,25-21,0.543,5.5,0.5,5.5,2025-05-19
Kansas City Royals,26-22,0.542,5.5,0.5,5.5,2025-05-19
Chicago White Sox,14-33,0.298,17.0,12.0,17.0,2025-05-19
Seattle Mariners,26-19,0.578,0.0,-1.0,4.0,2025-05-19
Houston Astros,24-22,0.522,2.5,1.5,6.5,2025-05-19
Texas Rangers,25-23,0.521,2.5,1.5,6.5,2025-05-19
Athletics,22-25,0.468,5.0,4.0,9.0,2025-05-19
Los Angeles Angels of Anaheim,20-25,0.444,6.0,5.0,10.0,2025-05-19
New York Mets,29-18,0.617,0.0,-0.5,0.0,2025-05-19
Philadelphia Phillies,28-18,0.609,0.5,0.0,0.5,2025-05-19
Atlanta Braves,24-23,0.511,5.0,4.5,5.0,2025-05-19
Washington Nationals,21-27,0.438,8.5,8.0,8.5,2025-05-19
Miami Marlins,18-27,0.400,10.0,9.5,10.0,2025-05-19
Chicago Cubs,28-19,0.596,0.0,0.5,1.0,2025-05-19
St. Louis Cardinals,26-21,0.553,2.0,2.5,3.0,2025-05-19
Cincinnati Reds,24-24,0.500,4.5,5.0,5.5,2025-05-19
Milwaukee Brewers,22-25,0.468,6.0,6.5,7.0,2025-05-19
Pittsburgh Pirates,15-32,0.319,13.0,13.5,14.0,2025-05-19
Los Angeles Dodgers,29-18,0.617,0.0,-0.5,0.0,2025-05-19
San Diego Padres,27-18,0.600,1.0,0.5,1.0,2025-05-19
San Francisco Giants,28-19,0.596,1.0,0.5,1.0,2025-05-19
Arizona Diamondbacks,25-22,0.532,4.0,3.5,4.0,2025-05-19
Colorado Rockies,8-38,0.174,20.5,20.0,20.5,2025-05-19
New York Yankees,27-19,0.587,0.0,-1.5,3.0,2025-05-20
Boston Red Sox,24-25,0.490,4.5,3.0,7.5,2025-05-20
Toronto Blue Jays,22-24,0.478,5.0,3.5,8.0,2025-05-20
Tampa Bay Rays,21-26,0.447,6.5,5.0,9.5,2025-05-20
Baltimore Orioles,15-31,0.326,12.0,10.5,15.0,2025-05-20
Detroit Tigers,31-17,0.646,0.0,-4.5,0.0,2025-05-20
Minnesota Twins,26-21,0.553,4.5,0.0,4.5,2025-05-20
Kansas City Royals,27-22,0.551,4.5,0.0,4.5,2025-05-20
Cleveland Guardians,25-21,0.543,5.0,0.5,5.0,2025-05-20
Chicago White Sox,14-34,0.292,17.0,12.5,17.0,2025-05-20
Seattle Mariners,27-19,0.587,0.0,-1.5,3.0,2025-05-20
Houston Astros,25-22,0.532,2.5,1.0,5.5,2025-05-20
Texas Rangers,25-23,0.521,3.0,1.5,6.0,2025-05-20
Athletics,22-26,0.458,6.0,4.5,9.0,2025-05-20
Los Angeles Angels of Anaheim,21-25,0.457,6.0,4.5,9.0,2025-05-20
Philadelphia Phillies,29-18,0.617,0.0,-0.5,0.0,2025-05-20
New York Mets,29-19,0.604,0.5,0.0,0.5,2025-05-20
Atlanta Braves,24-23,0.511,5.0,4.5,5.0,2025-05-20
Washington Nationals,21-27,0.438,8.5,8.0,8.5,2025-05-20
Miami Marlins,19-27,0.413,9.5,9.0,9.5,2025-05-20
Chicago Cubs,28-20,0.583,0.0,1.0,1.5,2025-05-20
St. Louis Cardinals,27-21,0.563,1.0,2.0,2.5,2025-05-20
Cincinnati Reds,25-24,0.510,3.5,4.5,5.0,2025-05-20
Milwaukee Brewers,23-25,0.479,5.0,6.0,6.5,2025-05-20
Pittsburgh Pirates,15-33,0.313,13.0,14.0,14.5,2025-05-20
Los Angeles Dodgers,29-19,0.604,0.0,0.0,0.5,2025-05-20
San Diego Padres,27-18,0.600,0.5,0.5,1.0,2025-05-20
San Francisco Giants,28-20,0.583,1.0,1.0,1.5,2025-05-20
Arizona Diamondbacks,26-22,0.542,3.0,3.0,3.5,2025-05-20
Colorado Rockies,8-39,0.170,20.5,20.5,21.0,2025-05-20
New York Yankees,28-19,0.596,0.0,-2.0,3.0,2025-05-21
Boston Red Sox,25-25,0.500,4.5,2.5,7.5,2025-05-21
Toronto Blue Jays,23-24,0.489,5.0,3.0,8.0,2025-05-21
Tampa Bay Rays,22-26,0.458,6.5,4.5,9.5,2025-05-21
Baltimore Orioles,15-32,0.319,13.0,11.0,16.0,2025-05-21
Detroit Tigers,32-17,0.653,0.0,-5.0,0.0,2025-05-21
Minnesota Twins,26-21,0.553,5.0,0.0,5.0,2025-05-21
Cleveland Guardians,25-21,0.543,5.5,0.5,5.5,2025-05-21
Kansas City Royals,27-23,0.540,5.5,0.5,5.5,2025-05-21
Chicago White Sox,15-34,0.306,17.0,12.0,17.0,2025-05-21
Seattle Mariners,27-20,0.574,0.0,-1.0,4.0,2025-05-21
Houston Astros,25-23,0.521,2.5,1.5,6.5,2025-05-21
Texas Rangers,25-24,0.510,3.0,2.0,7.0,2025-05-21
Los Angeles Angels of Anaheim,22-25,0.468,5.0,4.0,9.0,2025-05-21
Athletics,22-27,0.449,6.0,5.0,10.0,2025-05-21
Philadelphia Phillies,30-18,0.625,0.0,-1.5,0.0,2025-05-21
New York Mets,29-20,0.592,1.5,0.0,1.5,2025-05-21
Atlanta Braves,24-24,0.500,6.0,4.5,6.0,2025-05-21
Washington Nationals,22-27,0.449,8.5,7.0,8.5,2025-05-21
Miami Marlins,19-28,0.404,10.5,9.0,10.5,2025-05-21
Chicago Cubs,29-20,0.592,0.0,0.0,1.5,2025-05-21
St. Louis Cardinals,27-22,0.551,2.0,2.0,3.5,2025-05-21
Cincinnati Reds,25-25,0.500,4.5,4.5,6.0,2025-05-21
Milwaukee Brewers,24-25,0.490,5.0,5.0,6.5,2025-05-21
Pittsburgh Pirates,16-33,0.327,13.0,13.0,14.5,2025-05-21
Los Angeles Dodgers,30-19,0.612,0.0,-1.0,0.5,2025-05-21
San Francisco Giants,29-20,0.592,1.0,0.0,1.5,2025-05-21
San Diego Padres,27-19,0.587,1.5,0.5,2.0,2025-05-21
Arizona Diamondbacks,26-23,0.531,4.0,3.0,4.5,2025-05-21
Colorado Rockies,8-40,0.167,21.5,20.5,22.0,2025-05-21
New York Yankees,29-19,0.604,0.0,-2.5,3.0,2025-05-22
Toronto Blue Jays,24-24,0.500,5.0,2.5,8.0,2025-05-22
Boston Red Sox,25-26,0.490,5.5,3.0,8.5,2025-05-22
Tampa Bay Rays,23-26,0.469,6.5,4.0,9.5,2025-05-22
Baltimore Orioles,16-32,0.333,13.0,10.5,16.0,2025-05-22
Detroit Tigers,33-17,0.660,0.0,-5.5,0.0,2025-05-22
Minnesota Twins,27-22,0.551,5.5,0.0,5.5,2025-05-22
Kansas City Royals,28-23,0.549,5.5,0.0,5.5,2025-05-22
Cleveland Guardians,26-22,0.542,6.0,0.5,6.0,2025-05-22
Chicago White Sox,15-35,0.300,18.0,12.5,18.0,2025-05-22
Seattle Mariners,28-20,0.583,0.0,-1.5,4.0,2025-05-22
Houston Astros,25-24,0.510,3.5,2.0,7.5,2025-05-22
Texas Rangers,25-25,0.500,4.0,2.5,8.0,2025-05-22
Los Angeles Angels of Anaheim,23-25,0.479,5.0,3.5,9.0,2025-05-22
Athletics,22-28,0.440,7.0,5.5,11.0,2025-05-22
Philadelphia Phillies,31-18,0.633,0.0,-1.5,0.0,2025-05-22
New York Mets,30-20,0.600,1.5,0.0,1.5,2025-05-22
Atlanta Braves,24-24,0.500,6.5,5.0,6.5,2025-05-22
Washington Nationals,22-27,0.449,9.0,7.5,9.0,2025-05-22
Miami Marlins,19-29,0.396,11.5,10.0,11.5,2025-05-22
Chicago Cubs,30-20,0.600,0.0,0.0,1.5,2025-05-22
St. Louis Cardinals,27-23,0.540,3.0,3.0,4.5,2025-05-22
Cincinnati Reds,25-26,0.490,5.5,5.5,7.0,2025-05-22
Milwaukee Brewers,24-26,0.480,6.0,6.0,7.5,2025-05-22
Pittsburgh Pirates,17-33,0.340,13.0,13.0,14.5,2025-05-22
Los Angeles Dodgers,31-19,0.620,0.0,-1.0,0.5,2025-05-22
San Francisco Giants,29-21,0.580,2.0,1.0,2.5,2025-05-22
San Diego Padres,27-20,0.574,2.5,1.5,3.0,2025-05-22
Arizona Diamondbacks,26-24,0.520,5.0,4.0,5.5,2025-05-22
Colorado Rockies,8-41,0.163,22.5,21.5,23.0,2025-05-22
New York Yankees,30-19,0.612,0.0,-3.0,2.0,2025-05-23
Toronto Blue Jays,25-24,0.510,5.0,2.0,7.0,2025-05-23
Boston Red Sox,25-26,0.490,6.0,3.0,8.0,2025-05-23
Tampa Bay Rays,23-26,0.469,7.0,4.0,9.0,2025-05-23
Baltimore Orioles,16-32,0.333,13.5,10.5,15.5,2025-05-23
Detroit Tigers,33-18,0.647,0.0,-5.0,0.0,2025-05-23
Cleveland Guardians,27-22,0.551,5.0,0.0,5.0,2025-05-23
Minnesota Twins,27-22,0.551,5.0,0.0,5.0,2025-05-23
Kansas City Royals,28-23,0.549,5.0,0.0,5.0,2025-05-23
Chicago White Sox,15-35,0.300,17.5,12.5,17.5,2025-05-23
Seattle Mariners,28-21,0.571,0.0,-1.0,4.0,2025-05-23
Houston Astros,26-24,0.520,2.5,1.5,6.5,2025-05-23
Texas Rangers,25-26,0.490,4.0,3.0,8.0,2025-05-23
Los Angeles Angels of Anaheim,24-25,0.490,4.0,3.0,8.0,2025-05-23
Athletics,22-29,0.431,7.0,6.0,11.0,2025-05-23
Philadelphia Phillies,32-18,0.640,0.0,-2.0,0.0,2025-05-23
New York Mets,30-20,0.600,2.0,0.0,2.0,2025-05-23
Atlanta Braves,24-25,0.490,7.5,5.5,7.5,2025-05-23
Washington Nationals,23-27,0.460,9.0,7.0,9.0,2025-05-23
Miami Marlins,19-29,0.396,12.0,10.0,12.0,2025-05-23
Chicago Cubs,30-20,0.600,0.0,0.0,2.0,2025-05-23
St. Louis Cardinals,27-23,0.540,3.0,3.0,5.0,2025-05-23
Milwaukee Brewers,25-26,0.490,5.5,5.5,7.5,2025-05-23
Cincinnati Reds,25-26,0.490,5.5,5.5,7.5,2025-05-23
Pittsburgh Pirates,17-34,0.333,13.5,13.5,15.5,2025-05-23
Los Angeles Dodgers,31-19,0.620,0.0,-1.0,1.0,2025-05-23
San Francisco Giants,29-21,0.580,2.0,1.0,3.0,2025-05-23
San Diego Padres,27-21,0.563,3.0,2.0,4.0,2025-05-23
Arizona Diamondbacks,26-24,0.520,5.0,4.0,6.0,2025-05-23
Colorado Rockies,8-42,0.160,23.0,22.0,24.0,2025-05-23
New York Yankees,30-20,0.600,0.0,-2.0,2.0,2025-05-24
Boston Red Sox,26-26,0.500,5.0,3.0,7.0,2025-05-24
Toronto Blue Jays,25-25,0.500,5.0,3.0,7.0,2025-05-24
Tampa Bay Rays,24-26,0.480,6.0,4.0,8.0,2025-05-24
Baltimore Orioles,16-33,0.327,13.5,11.5,15.5,2025-05-24
Detroit Tigers,33-19,0.635,0.0,-4.0,0.0,2025-05-24
Minnesota Twins,28-22,0.560,4.0,0.0,4.0,2025-05-24
Cleveland Guardians,28-22,0.560,4.0,0.0,4.0,2025-05-24
Kansas City Royals,28-24,0.538,5.0,1.0,5.0,2025-05-24
Chicago White Sox,16-35,0.314,16.5,12.5,16.5,2025-05-24
Seattle Mariners,29-21,0.580,0.0,-1.0,3.0,2025-05-24
Houston Astros,26-25,0.510,3.5,2.5,6.5,2025-05-24
Los Angeles Angels of Anaheim,25-25,0.500,4.0,3.0,7.0,2025-05-24
Texas Rangers,25-27,0.481,5.0,4.0,8.0,2025-05-24
Athletics,22-30,0.423,8.0,7.0,11.0,2025-05-24
Philadelphia Phillies,33-18,0.647,0.0,-3.0,0.0,2025-05-24
New York Mets,30-21,0.588,3.0,0.0,3.0,2025-05-24
Atlanta Braves,24-26,0.480,8.5,5.5,8.5,2025-05-24
Washington Nationals,23-28,0.451,10.0,7.0,10.0,2025-05-24
Miami Marlins,19-30,0.388,13.0,10.0,13.0,2025-05-24
Chicago Cubs,31-20,0.608,0.0,-1.0,2.0,2025-05-24
St. Louis Cardinals,28-23,0.549,3.0,2.0,5.0,2025-05-24
Cincinnati Reds,25-27,0.481,6.5,5.5,8.5,2025-05-24
Milwaukee Brewers,25-27,0.481,6.5,5.5,8.5,2025-05-24
Pittsburgh Pirates,18-34,0.346,13.5,12.5,15.5,2025-05-24
Los Angeles Dodgers,32-19,0.627,0.0,-2.0,1.0,2025-05-24
San Francisco Giants,30-21,0.588,2.0,0.0,3.0,2025-05-24
San Diego Padres,28-21,0.571,3.0,1.0,4.0,2025-05-24
Arizona Diamondbacks,26-25,0.510,6.0,4.0,7.0,2025-05-24
Colorado Rockies,9-42,0.176,23.0,21.0,24.0,2025-05-24
New York Yankees,31-20,0.608,0.0,-2.0,1.0,2025-05-25
Boston Red Sox,27-27,0.500,5.5,3.5,6.5,2025-05-25
Toronto Blue Jays,25-26,0.490,6.0,4.0,7.0,2025-05-25
Tampa Bay Rays,25-26,0.490,6.0,4.0,7.0,2025-05-25
Baltimore Orioles,17-34,0.333,14.0,12.0,15.0,2025-05-25
Detroit Tigers,33-20,0.623,0.0,-3.0,0.0,2025-05-25
Minnesota Twins,29-22,0.569,3.0,0.0,3.0,2025-05-25
Cleveland Guardians,29-22,0.569,3.0,0.0,3.0,2025-05-25
Kansas City Royals,28-25,0.528,5.0,2.0,5.0,2025-05-25
Chicago White Sox,17-35,0.327,15.5,12.5,15.5,2025-05-25
Seattle Mariners,29-22,0.569,0.0,0.0,3.0,2025-05-25
Houston Astros,27-25,0.519,2.5,2.5,5.5,2025-05-25
Los Angeles Angels of Anaheim,25-26,0.490,4.0,4.0,7.0,2025-05-25
Texas Rangers,25-28,0.472,5.0,5.0,8.0,2025-05-25
Athletics,22-31,0.415,8.0,8.0,11.0,2025-05-25
Philadelphia Phillies,34-18,0.654,0.0,-3.0,0.0,2025-05-25
New York Mets,31-21,0.596,3.0,0.0,3.0,2025-05-25
Atlanta Braves,25-26,0.490,8.5,5.5,8.5,2025-05-25
Washington Nationals,24-28,0.462,10.0,7.0,10.0,2025-05-25
Miami Marlins,20-30,0.400,13.0,10.0,13.0,2025-05-25
Chicago Cubs,31-21,0.596,0.0,0.0,3.0,2025-05-25
St. Louis Cardinals,29-23,0.558,2.0,2.0,5.0,2025-05-25
Cincinnati Reds,26-27,0.491,5.5,5.5,8.5,2025-05-25
Milwaukee Brewers,25-28,0.472,6.5,6.5,9.5,2025-05-25
Pittsburgh Pirates,19-34,0.358,12.5,12.5,15.5,2025-05-25
Los Angeles Dodgers,32-20,0.615,0.0,-1.0,2.0,2025-05-25
San Francisco Giants,30-22,0.577,2.0,1.0,4.0,2025-05-25
San Diego Padres,28-22,0.560,3.0,2.0,5.0,2025-05-25
Arizona Diamondbacks,26-26,0.500,6.0,5.0,8.0,2025-05-25
Colorado Rockies,9-43,0.173,23.0,22.0,25.0,2025-05-25
New York Yankees,32-20,0.615,0.0,-3.0,1.0,2025-05-26
Tampa Bay Rays,26-26,0.500,6.0,3.0,7.0,2025-05-26
Boston Red Sox,27-28,0.491,6.5,3.5,7.5,2025-05-26
Toronto Blue Jays,25-27,0.481,7.0,4.0,8.0,2025-05-26
Baltimore Orioles,18-34,0.346,14.0,11.0,15.0,2025-05-26
Detroit Tigers,34-20,0.630,0.0,-4.0,0.0,2025-05-26
Minnesota Twins,29-23,0.558,4.0,0.0,4.0,2025-05-26
Cleveland Guardians,29-23,0.558,4.0,0.0,4.0,2025-05-26
Kansas City Royals,29-25,0.537,5.0,1.0,5.0,2025-05-26
Chicago White Sox,17-36,0.321,16.5,12.5,16.5,2025-05-26
Seattle Mariners,29-23,0.558,0.0,0.0,4.0,2025-05-26
Houston Astros,28-25,0.528,1.5,1.5,5.5,2025-05-26
Texas Rangers,26-28,0.481,4.0,4.0,8.0,2025-05-26
Los Angeles Angels of Anaheim,25-27,0.481,4.0,4.0,8.0,2025-05-26
Athletics,23-31,0.426,7.0,7.0,11.0,2025-05-26
Philadelphia Phillies,34-19,0.642,0.0,-2.0,0.0,2025-05-26
New York Mets,32-21,0.604,2.0,0.0,2.0,2025-05-26
Atlanta Braves,25-27,0.481,8.5,6.5,8.5,2025-05-26
Washington Nationals,24-29,0.453,10.0,8.0,10.0,2025-05-26
Miami Marlins,21-30,0.412,12.0,10.0,12.0,2025-05-26
Chicago Cubs,32-21,0.604,0.0,0.0,2.0,2025-05-26
St. Louis Cardinals,30-23,0.566,2.0,2.0,4.0,2025-05-26
Cincinnati Reds,26-28,0.481,6.5,6.5,8.5,2025-05-26
Milwaukee Brewers,26-28,0.481,6.5,6.5,8.5,2025-05-26
Pittsburgh Pirates,19-35,0.352,13.5,13.5,15.5,2025-05-26
Los Angeles Dodgers,32-21,0.604,0.0,0.0,2.0,2025-05-26
San Francisco Giants,31-22,0.585,1.0,1.0,3.0,2025-05-26
San Diego Padres,29-22,0.569,2.0,2.0,4.0,2025-05-26
Arizona Diamondbacks,26-27,0.491,6.0,6.0,8.0,2025-05-26
Colorado Rockies,9-44,0.170,23.0,23.0,25.0,2025-05-26
New York Yankees,33-20,0.623,0.0,-4.0,1.0,2025-05-27
Tampa Bay Rays,27-26,0.509,6.0,2.0,7.0,2025-05-27
Toronto Blue Jays,26-27,0.491,7.0,3.0,8.0,2025-05-27
Boston Red Sox,27-29,0.482,7.5,3.5,8.5,2025-05-27
Baltimore Orioles,19-34,0.358,14.0,10.0,15.0,2025-05-27
Detroit Tigers,35-20,0.636,0.0,-5.0,0.0,2025-05-27
Minnesota Twins,29-24,0.547,5.0,0.0,5.0,2025-05-27
Cleveland Guardians,29-24,0.547,5.0,0.0,5.0,2025-05-27
Kansas City Royals,29-26,0.527,6.0,1.0,6.0,2025-05-27
Chicago White Sox,17-37,0.315,17.5,12.5,17.5,2025-05-27
Seattle Mariners,29-23,0.558,0.0,-0.5,4.5,2025-05-27
Houston Astros,28-25,0.528,1.5,1.0,6.0,2025-05-27
Texas Rangers,26-29,0.473,4.5,4.0,9.0,2025-05-27
Los Angeles Angels of Anaheim,25-28,0.472,4.5,4.0,9.0,2025-05-27
Athletics,23-31,0.426,7.0,6.5,11.5,2025-05-27
Philadelphia Phillies,34-19,0.642,0.0,-1.5,0.0,2025-05-27
New York Mets,33-21,0.611,1.5,0.0,1.5,2025-05-27
Atlanta Braves,25-27,0.481,8.5,7.0,8.5,2025-05-27
Washington Nationals,24-29,0.453,10.0,8.5,10.0,2025-05-27
Miami Marlins,21-31,0.404,12.5,11.0,12.5,2025-05-27
Chicago Cubs,33-21,0.611,0.0,0.0,1.5,2025-05-27
St. Louis Cardinals,30-24,0.556,3.0,3.0,4.5,2025-05-27
Milwaukee Brewers,27-28,0.491,6.5,6.5,8.0,2025-05-27
Cincinnati Reds,27-28,0.491,6.5,6.5,8.0,2025-05-27
Pittsburgh Pirates,19-36,0.345,14.5,14.5,16.0,2025-05-27
Los Angeles Dodgers,33-21,0.611,0.0,0.0,1.5,2025-05-27
San Diego Padres,30-22,0.577,2.0,2.0,3.5,2025-05-27
San Francisco Giants,31-23,0.574,2.0,2.0,3.5,2025-05-27
Arizona Diamondbacks,27-27,0.500,6.0,6.0,7.5,2025-05-27
Colorado Rockies,9-45,0.167,24.0,24.0,25.5,2025-05-27
New York Yankees,34-20,0.630,0.0,-4.0,1.0,2025-05-28
Tampa Bay Rays,27-27,0.500,7.0,3.0,8.0,2025-05-28
Toronto Blue Jays,26-28,0.481,8.0,4.0,9.0,2025-05-28
Boston Red Sox,27-30,0.474,8.5,4.5,9.5,2025-05-28
Baltimore Orioles,19-35,0.352,15.0,11.0,16.0,2025-05-28
Detroit Tigers,36-20,0.643,0.0,-5.0,0.0,2025-05-28
Minnesota Twins,30-24,0.556,5.0,0.0,5.0,2025-05-28
Cleveland Guardians,29-25,0.537,6.0,1.0,6.0,2025-05-28
Kansas City Royals,29-27,0.518,7.0,2.0,7.0,2025-05-28
Chicago White Sox,17-38,0.309,18.5,13.5,18.5,2025-05-28
Seattle Mariners,30-23,0.566,0.0,-0.5,4.5,2025-05-28
Houston Astros,29-25,0.537,1.5,1.0,6.0,2025-05-28
Texas Rangers,27-29,0.482,4.5,4.0,9.0,2025-05-28
Los Angeles Angels of Anaheim,25-29,0.463,5.5,5.0,10.0,2025-05-28
Athletics,23-32,0.418,8.0,7.5,12.5,2025-05-28
Philadelphia Phillies,35-19,0.648,0.0,-1.5,0.0,2025-05-28
New York Mets,34-21,0.618,1.5,0.0,1.5,2025-05-28
Atlanta Braves,25-28,0.472,9.5,8.0,9.5,2025-05-28
Washington Nationals,24-30,0.444,11.0,9.5,11.0,2025-05-28
Miami Marlins,21-32,0.396,13.5,12.0,13.5,2025-05-28
Chicago Cubs,34-21,0.618,0.0,0.0,1.5,2025-05-28
St. Louis Cardinals,31-24,0.564,3.0,3.0,4.5,2025-05-28
Cincinnati Reds,28-28,0.500,6.5,6.5,8.0,2025-05-28
Milwaukee Brewers,28-28,0.500,6.5,6.5,8.0,2025-05-28
Pittsburgh Pirates,20-36,0.357,14.5,14.5,16.0,2025-05-28
Los Angeles Dodgers,34-21,0.618,0.0,0.0,1.5,2025-05-28
San Diego Padres,31-22,0.585,2.0,2.0,3.5,2025-05-28
San Francisco Giants,31-24,0.564,3.0,3.0,4.5,2025-05-28
Arizona Diamondbacks,27-28,0.491,7.0,7.0,8.5,2025-05-28
Colorado Rockies,9-46,0.164,25.0,25.0,26.5,2025-05-28
New York Yankees,35-20,0.636,0.0,-5.0,1.0,2025-05-29
Tampa Bay Rays,28-27,0.509,7.0,2.0,8.0,2025-05-29
Toronto Blue Jays,27-28,0.491,8.0,3.0,9.0,2025-05-29
Boston Red Sox,27-31,0.466,9.5,4.5,10.5,2025-05-29
Baltimore Orioles,19-36,0.345,16.0,11.0,17.0,2025-05-29
Detroit Tigers,37-20,0.649,0.0,-6.0,0.0,2025-05-29
Minnesota Twins,30-25,0.545,6.0,0.0,6.0,2025-05-29
Cleveland Guardians,30-25,0.545,6.0,0.0,6.0,2025-05-29
Kansas City Royals,30-27,0.526,7.0,1.0,7.0,2025-05-29
Chicago White Sox,18-38,0.321,18.5,12.5,18.5,2025-05-29
Seattle Mariners,30-24,0.556,0.0,-0.5,5.5,2025-05-29
Houston Astros,30-25,0.545,0.5,0.0,6.0,2025-05-29
Texas Rangers,27-30,0.474,4.5,4.0,10.0,2025-05-29
Los Angeles Angels of Anaheim,25-30,0.455,5.5,5.0,11.0,2025-05-29
Athletics,23-33,0.411,8.0,7.5,13.5,2025-05-29
Philadelphia Phillies,35-19,0.648,0.0,-2.0,0.0,2025-05-29
New York Mets,34-22,0.607,2.0,0.0,2.0,2025-05-29
Atlanta Braves,25-28,0.472,9.5,7.5,9.5,2025-05-29
Washington Nationals,25-30,0.455,10.5,8.5,10.5,2025-05-29
Miami Marlins,22-32,0.407,13.0,11.0,13.0,2025-05-29
Chicago Cubs,35-21,0.625,0.0,-1.0,1.0,2025-05-29
St. Louis Cardinals,32-24,0.571,3.0,2.0,4.0,2025-05-29
Milwaukee Brewers,29-28,0.509,6.5,5.5,7.5,2025-05-29
Cincinnati Reds,28-29,0.491,7.5,6.5,8.5,2025-05-29
Pittsburgh Pirates,21-36,0.368,14.5,13.5,15.5,2025-05-29
Los Angeles Dodgers,34-22,0.607,0.0,0.0,2.0,2025-05-29
San Diego Padres,31-23,0.574,2.0,2.0,4.0,2025-05-29
San Francisco Giants,31-25,0.554,3.0,3.0,5.0,2025-05-29
Arizona Diamondbacks,27-29,0.482,7.0,7.0,9.0,2025-05-29
Colorado Rockies,9-47,0.161,25.0,25.0,27.0,2025-05-29
New York Yankees,35-20,0.636,0.0,-5.0,1.0,2025-05-30
Tampa Bay Rays,29-27,0.518,6.5,1.5,7.5,2025-05-30
Toronto Blue Jays,28-28,0.500,7.5,2.5,8.5,2025-05-30
Boston Red Sox,27-31,0.466,9.5,4.5,10.5,2025-05-30
Baltimore Orioles,19-36,0.345,16.0,11.0,17.0,2025-05-30
Detroit Tigers,37-20,0.649,0.0,-6.0,0.0,2025-05-30
Minnesota Twins,30-25,0.545,6.0,0.0,6.0,2025-05-30
Cleveland Guardians,30-25,0.545,6.0,0.0,6.0,2025-05-30
Kansas City Royals,30-27,0.526,7.0,1.0,7.0,2025-05-30
Chicago White Sox,18-38,0.321,18.5,12.5,18.5,2025-05-30
Seattle Mariners,30-25,0.545,0.0,0.0,6.0,2025-05-30
Houston Astros,30-26,0.536,0.5,0.5,6.5,2025-05-30
Texas Rangers,27-30,0.474,4.0,4.0,10.0,2025-05-30
Los Angeles Angels of Anaheim,25-30,0.455,5.0,5.0,11.0,2025-05-30
Athletics,23-34,0.404,8.0,8.0,14.0,2025-05-30
Philadelphia Phillies,36-20,0.643,0.0,-2.0,0.0,2025-05-30
New York Mets,34-22,0.607,2.0,0.0,2.0,2025-05-30
Atlanta Braves,26-29,0.473,9.5,7.5,9.5,2025-05-30
Washington Nationals,26-30,0.464,10.0,8.0,10.0,2025-05-30
Miami Marlins,22-32,0.407,13.0,11.0,13.0,2025-05-30
Chicago Cubs,35-21,0.625,0.0,-1.0,1.0,2025-05-30
St. Louis Cardinals,32-24,0.571,3.0,2.0,4.0,2025-05-30
Milwaukee Brewers,29-28,0.509,6.5,5.5,7.5,2025-05-30
Cincinnati Reds,28-29,0.491,7.5,6.5,8.5,2025-05-30
Pittsburgh Pirates,21-36,0.368,14.5,13.5,15.5,2025-05-30
Los Angeles Dodgers,34-22,0.607,0.0,0.0,2.0,2025-05-30
San Diego Padres,31-23,0.574,2.0,2.0,4.0,2025-05-30
San Francisco Giants,31-25,0.554,3.0,3.0,5.0,2025-05-30
Arizona Diamondbacks,27-29,0.482,7.0,7.0,9.0,2025-05-30
Colorado Rockies,9-47,0.161,25.0,25.0,27.0,2025-05-30
New York Yankees,35-21,0.625,0.0,-4.0,2.0,2025-05-31
Toronto Blue Jays,29-28,0.509,6.5,2.5,8.5,2025-05-31
Tampa Bay Rays,29-28,0.509,6.5,2.5,8.5,2025-05-31
Boston Red Sox,28-31,0.475,8.5,4.5,10.5,2025-05-31
Baltimore Orioles,20-36,0.357,15.0,11.0,17.0,2025-05-31
Detroit Tigers,38-20,0.655,0.0,-6.0,0.0,2025-05-31
Minnesota Twins,31-25,0.554,6.0,0.0,6.0,2025-05-31
Cleveland Guardians,30-26,0.536,7.0,1.0,7.0,2025-05-31
Kansas City Royals,30-28,0.517,8.0,2.0,8.0,2025-05-31
Chicago White Sox,18-39,0.316,19.5,13.5,19.5,2025-05-31
Houston Astros,31-26,0.544,0.0,0.5,6.5,2025-05-31
Seattle Mariners,30-26,0.536,0.5,1.0,7.0,2025-05-31
Texas Rangers,28-30,0.483,3.5,4.0,10.0,2025-05-31
Los Angeles Angels of Anaheim,26-30,0.464,4.5,5.0,11.0,2025-05-31
Athletics,23-35,0.397,8.5,9.0,15.0,2025-05-31
Philadelphia Phillies,36-21,0.632,0.0,-1.0,0.0,2025-05-31
New York Mets,35-22,0.614,1.0,0.0,1.0,2025-05-31
Washington Nationals,27-30,0.474,9.0,8.0,9.0,2025-05-31
Atlanta Braves,26-30,0.464,9.5,8.5,9.5,2025-05-31
Miami Marlins,22-33,0.400,13.0,12.0,13.0,2025-05-31
Chicago Cubs,35-22,0.614,0.0,0.0,1.0,2025-05-31
St. Louis Cardinals,32-25,0.561,3.0,3.0,4.0,2025-05-31
Milwaukee Brewers,30-28,0.517,5.5,5.5,6.5,2025-05-31
Cincinnati Reds,29-29,0.500,6.5,6.5,7.5,2025-05-31
Pittsburgh Pirates,21-37,0.362,14.5,14.5,15.5,2025-05-31
Los Angeles Dodgers,35-22,0.614,0.0,0.0,1.0,2025-05-31
San Diego Padres,32-23,0.582,2.0,2.0,3.0,2025-05-31
San Francisco Giants,32-25,0.561,3.0,3.0,4.0,2025-05-31
Arizona Diamondbacks,27-30,0.474,8.0,8.0,9.0,2025-05-31
Colorado Rockies,9-48,0.158,26.0,26.0,27.0,2025-05-31
New York Yankees,35-22,0.614,0.0,-4.0,2.0,2025-06-01
Toronto Blue Jays,30-28,0.517,5.5,1.5,7.5,2025-06-01
Tampa Bay Rays,30-28,0.517,5.5,1.5,7.5,2025-06-01
Boston Red Sox,28-32,0.467,8.5,4.5,10.5,2025-06-01
Baltimore Orioles,21-36,0.368,14.0,10.0,16.0,2025-06-01
Detroit Tigers,38-21,0.644,0.0,-6.0,0.0,2025-06-01
Minnesota Twins,31-26,0.544,6.0,0.0,6.0,2025-06-01
Cleveland Guardians,31-26,0.544,6.0,0.0,6.0,2025-06-01
Kansas City Royals,31-28,0.525,7.0,1.0,7.0,2025-06-01
Chicago White Sox,18-40,0.310,19.5,13.5,19.5,2025-06-01
Seattle Mariners,31-26,0.544,0.0,0.0,6.0,2025-06-01
Houston Astros,31-27,0.534,0.5,0.5,6.5,2025-06-01
Texas Rangers,28-31,0.475,4.0,4.0,10.0,2025-06-01
Los Angeles Angels of Anaheim,26-31,0.456,5.0,5.0,11.0,2025-06-01
Athletics,23-36,0.390,9.0,9.0,15.0,2025-06-01
New York Mets,36-22,0.621,0.0,0.0,0.0,2025-06-01
Philadelphia Phillies,36-22,0.621,0.0,0.0,0.0,2025-06-01
Washington Nationals,28-30,0.483,8.0,8.0,8.0,2025-06-01
Atlanta Braves,27-30,0.474,8.5,8.5,8.5,2025-06-01
Miami Marlins,23-33,0.411,12.0,12.0,12.0,2025-06-01
Chicago Cubs,36-22,0.621,0.0,0.0,0.0,2025-06-01
St. Louis Cardinals,33-25,0.569,3.0,3.0,3.0,2025-06-01
Milwaukee Brewers,31-28,0.525,5.5,5.5,5.5,2025-06-01
Cincinnati Reds,29-30,0.492,7.5,7.5,7.5,2025-06-01
Pittsburgh Pirates,22-37,0.373,14.5,14.5,14.5,2025-06-01
Los Angeles Dodgers,36-22,0.621,0.0,0.0,0.0,2025-06-01
San Diego Padres,32-24,0.571,3.0,3.0,3.0,2025-06-01
San Francisco Giants,32-26,0.552,4.0,4.0,4.0,2025-06-01
Arizona Diamondbacks,27-31,0.466,9.0,9.0,9.0,2025-06-01
Colorado Rockies,9-49,0.155,27.0,27.0,27.0,2025-06-01
New York Yankees,36-22,0.621,0.0,-4.0,2.0,2025-06-02
Toronto Blue Jays,31-28,0.525,5.5,1.5,7.5,2025-06-02
Tampa Bay Rays,30-29,0.508,6.5,2.5,8.5,2025-06-02
Boston Red Sox,29-32,0.475,8.5,4.5,10.5,2025-06-02
Baltimore Orioles,22-36,0.379,14.0,10.0,16.0,2025-06-02
Detroit Tigers,39-21,0.650,0.0,-6.0,0.0,2025-06-02
Cleveland Guardians,32-26,0.552,6.0,0.0,6.0,2025-06-02
Minnesota Twins,31-27,0.534,7.0,1.0,7.0,2025-06-02
Kansas City Royals,31-29,0.517,8.0,2.0,8.0,2025-06-02
Chicago White Sox,18-41,0.305,20.5,14.5,20.5,2025-06-02
Seattle Mariners,32-26,0.552,0.0,0.0,6.0,2025-06-02
Houston Astros,32-27,0.542,0.5,0.5,6.5,2025-06-02
Texas Rangers,29-31,0.483,4.0,4.0,10.0,2025-06-02
Los Angeles Angels of Anaheim,26-32,0.448,6.0,6.0,12.0,2025-06-02
Athletics,23-37,0.383,10.0,10.0,16.0,2025-06-02
New York Mets,37-22,0.627,0.0,-1.0,0.0,2025-06-02
Philadelphia Phillies,36-23,0.610,1.0,0.0,1.0,2025-06-02
Washington Nationals,28-31,0.475,9.0,8.0,9.0,2025-06-02
Atlanta Braves,27-31,0.466,9.5,8.5,9.5,2025-06-02
Miami Marlins,23-34,0.404,13.0,12.0,13.0,2025-06-02
Chicago Cubs,37-22,0.627,0.0,-1.0,0.0,2025-06-02
St. Louis Cardinals,33-26,0.559,4.0,3.0,4.0,2025-06-02
Milwaukee Brewers,32-28,0.533,5.5,4.5,5.5,2025-06-02
Cincinnati Reds,29-31,0.483,8.5,7.5,8.5,2025-06-02
Pittsburgh Pirates,22-38,0.367,15.5,14.5,15.5,2025-06-02
Los Angeles Dodgers,36-23,0.610,0.0,0.0,1.0,2025-06-02
San Diego Padres,33-24,0.579,2.0,2.0,3.0,2025-06-02
San Francisco Giants,33-26,0.559,3.0,3.0,4.0,2025-06-02
Arizona Diamondbacks,28-31,0.475,8.0,8.0,9.0,2025-06-02
Colorado Rockies,9-50,0.153,27.0,27.0,28.0,2025-06-02
New York Yankees,36-22,0.621,0.0,-4.0,2.5,2025-06-03
Toronto Blue Jays,31-28,0.525,5.5,1.5,8.0,2025-06-03
Tampa Bay Rays,30-29,0.508,6.5,2.5,9.0,2025-06-03
Boston Red Sox,29-33,0.468,9.0,5.0,11.5,2025-06-03
Baltimore Orioles,22-36,0.379,14.0,10.0,16.5,2025-06-03
Detroit Tigers,40-21,0.656,0.0,-6.5,0.0,2025-06-03
Cleveland Guardians,32-26,0.552,6.5,0.0,6.5,2025-06-03
Minnesota Twins,32-27,0.542,7.0,0.5,7.0,2025-06-03
Kansas City Royals,31-29,0.517,8.5,2.0,8.5,2025-06-03
Chicago White Sox,18-42,0.300,21.5,15.0,21.5,2025-06-03
Seattle Mariners,32-26,0.552,0.0,0.0,6.5,2025-06-03
Houston Astros,32-27,0.542,0.5,0.5,7.0,2025-06-03
Texas Rangers,29-31,0.483,4.0,4.0,10.5,2025-06-03
Los Angeles Angels of Anaheim,27-32,0.458,5.5,5.5,12.0,2025-06-03
Athletics,23-38,0.377,10.5,10.5,17.0,2025-06-03
New York Mets,38-22,0.633,0.0,-1.5,0.0,2025-06-03
Philadelphia Phillies,36-23,0.610,1.5,0.0,1.5,2025-06-03
Washington Nationals,28-31,0.475,9.5,8.0,9.5,2025-06-03
Atlanta Braves,27-31,0.466,10.0,8.5,10.0,2025-06-03
Miami Marlins,23-35,0.397,14.0,12.5,14.0,2025-06-03
Chicago Cubs,37-22,0.627,0.0,-1.0,0.5,2025-06-03
St. Louis Cardinals,33-26,0.559,4.0,3.0,4.5,2025-06-03
Milwaukee Brewers,33-28,0.541,5.0,4.0,5.5,2025-06-03
Cincinnati Reds,29-32,0.475,9.0,8.0,9.5,2025-06-03
Pittsburgh Pirates,22-38,0.367,15.5,14.5,16.0,2025-06-03
Los Angeles Dodgers,36-24,0.600,0.0,0.5,2.0,2025-06-03
San Diego Padres,34-24,0.586,1.0,1.5,3.0,2025-06-03
San Francisco Giants,33-27,0.550,3.0,3.5,5.0,2025-06-03
Arizona Diamondbacks,28-31,0.475,7.5,8.0,9.5,2025-06-03
Colorado Rockies,10-50,0.167,26.0,26.5,28.0,2025-06-03
New York Yankees,37-22,0.627,0.0,-4.5,1.5,2025-06-04
Tampa Bay Rays,31-29,0.517,6.5,2.0,8.0,2025-06-04
Toronto Blue Jays,31-29,0.517,6.5,2.0,8.0,2025-06-04
Boston Red Sox,29-34,0.460,10.0,5.5,11.5,2025-06-04
Baltimore Orioles,23-36,0.390,14.0,9.5,15.5,2025-06-04
Detroit Tigers,40-22,0.645,0.0,-6.0,0.0,2025-06-04
Minnesota Twins,33-27,0.550,6.0,0.0,6.0,2025-06-04
Cleveland Guardians,32-27,0.542,6.5,0.5,6.5,2025-06-04
Kansas City Royals,32-29,0.525,7.5,1.5,7.5,2025-06-04
Chicago White Sox,19-42,0.311,20.5,14.5,20.5,2025-06-04
Houston Astros,33-27,0.550,0.0,0.0,6.0,2025-06-04
Seattle Mariners,32-27,0.542,0.5,0.5,6.5,2025-06-04
Texas Rangers,29-32,0.475,4.5,4.5,10.5,2025-06-04
Los Angeles Angels of Anaheim,28-32,0.467,5.0,5.0,11.0,2025-06-04
Athletics,23-39,0.371,11.0,11.0,17.0,2025-06-04
New York Mets,38-23,0.623,0.0,-0.5,0.5,2025-06-04
Philadelphia Phillies,37-23,0.617,0.5,0.0,1.0,2025-06-04
Washington Nationals,28-32,0.467,9.5,9.0,10.0,2025-06-04
Atlanta Braves,27-32,0.458,10.0,9.5,10.5,2025-06-04
Miami Marlins,23-36,0.390,14.0,13.5,14.5,2025-06-04
Chicago Cubs,38-22,0.633,0.0,-1.0,0.0,2025-06-04
St. Louis Cardinals,33-27,0.550,5.0,4.0,5.0,2025-06-04
Milwaukee Brewers,33-29,0.532,6.0,5.0,6.0,2025-06-04
Cincinnati Reds,30-32,0.484,9.0,8.0,9.0,2025-06-04
Pittsburgh Pirates,22-39,0.361,16.5,15.5,16.5,2025-06-04
Los Angeles Dodgers,37-24,0.607,0.0,0.5,1.5,2025-06-04
San Diego Padres,35-24,0.593,1.0,1.5,2.5,2025-06-04
San Francisco Giants,33-28,0.541,4.0,4.5,5.5,2025-06-04
Arizona Diamondbacks,29-31,0.483,7.5,8.0,9.0,2025-06-04
Colorado Rockies,11-50,0.180,26.0,26.5,27.5,2025-06-04
New York Yankees,37-23,0.617,0.0,-3.5,2.5,2025-06-05
Tampa Bay Rays,32-29,0.525,5.5,2.0,8.0,2025-06-05
Toronto Blue Jays,32-29,0.525,5.5,2.0,8.0,2025-06-05
Boston Red Sox,30-34,0.469,9.0,5.5,11.5,2025-06-05
Baltimore Orioles,24-36,0.400,13.0,9.5,15.5,2025-06-05
Detroit Tigers,41-22,0.651,0.0,-6.0,0.0,2025-06-05
Minnesota Twins,34-27,0.557,6.0,0.0,6.0,2025-06-05
Cleveland Guardians,33-27,0.550,6.5,0.5,6.5,2025-06-05
Kansas City Royals,32-29,0.525,8.0,2.0,8.0,2025-06-05
Chicago White Sox,19-43,0.306,21.5,15.5,21.5,2025-06-05
Houston Astros,33-28,0.541,0.0,1.0,7.0,2025-06-05
Seattle Mariners,32-28,0.533,0.5,1.5,7.5,2025-06-05
Texas Rangers,29-33,0.468,4.5,5.5,11.5,2025-06-05
Los Angeles Angels of Anaheim,28-33,0.459,5.0,6.0,12.0,2025-06-05
Athletics,23-40,0.365,11.0,12.0,18.0,2025-06-05
New York Mets,39-23,0.629,0.0,-1.5,0.0,2025-06-05
Philadelphia Phillies,37-24,0.607,1.5,0.0,1.5,2025-06-05
Washington Nationals,29-32,0.475,9.5,8.0,9.5,2025-06-05
Atlanta Braves,27-33,0.450,11.0,9.5,11.0,2025-06-05
Miami Marlins,23-37,0.383,15.0,13.5,15.0,2025-06-05
Chicago Cubs,38-23,0.623,0.0,-1.0,0.5,2025-06-05
St. Louis Cardinals,33-27,0.550,4.5,3.5,5.0,2025-06-05
Milwaukee Brewers,34-29,0.540,5.0,4.0,5.5,2025-06-05
Cincinnati Reds,30-33,0.476,9.0,8.0,9.5,2025-06-05
Pittsburgh Pirates,23-39,0.371,15.5,14.5,16.0,2025-06-05
Los Angeles Dodgers,37-25,0.597,0.0,0.5,2.0,2025-06-05
San Diego Padres,35-25,0.583,1.0,1.5,3.0,2025-06-05
San Francisco Giants,34-28,0.548,3.0,3.5,5.0,2025-06-05
Arizona Diamondbacks,30-31,0.492,6.5,7.0,8.5,2025-06-05
Colorado Rockies,12-50,0.194,25.0,25.5,27.0,2025-06-05
New York Yankees,38-23,0.623,0.0,-4.5,1.5,2025-06-06
Toronto Blue Jays,33-29,0.532,5.5,1.0,7.0,2025-06-06
Tampa Bay Rays,33-29,0.532,5.5,1.0,7.0,2025-06-06
Boston Red Sox,30-34,0.469,9.5,5.0,11.0,2025-06-06
Baltimore Orioles,25-36,0.410,13.0,8.5,14.5,2025-06-06
Detroit Tigers,41-23,0.641,0.0,-6.0,0.0,2025-06-06
Minnesota Twins,34-28,0.548,6.0,0.0,6.0,2025-06-06
Cleveland Guardians,33-28,0.541,6.5,0.5,6.5,2025-06-06
Kansas City Royals,33-30,0.524,7.5,1.5,7.5,2025-06-06
Chicago White Sox,20-43,0.317,20.5,14.5,20.5,2025-06-06
Houston Astros,34-28,0.548,0.0,0.0,6.0,2025-06-06
Seattle Mariners,32-29,0.525,1.5,1.5,7.5,2025-06-06
Texas Rangers,29-34,0.460,5.5,5.5,11.5,2025-06-06
Los Angeles Angels of Anaheim,28-33,0.459,5.5,5.5,11.5,2025-06-06
Athletics,24-40,0.375,11.0,11.0,17.0,2025-06-06
New York Mets,39-24,0.619,0.0,-1.5,0.5,2025-06-06
Philadelphia Phillies,37-25,0.597,1.5,0.0,2.0,2025-06-06
Washington Nationals,29-33,0.468,9.5,8.0,10.0,2025-06-06
Atlanta Braves,27-34,0.443,11.0,9.5,11.5,2025-06-06
Miami Marlins,23-37,0.383,14.5,13.0,15.0,2025-06-06
Chicago Cubs,39-23,0.629,0.0,-2.0,0.0,2025-06-06
St. Louis Cardinals,34-28,0.548,5.0,3.0,5.0,2025-06-06
Milwaukee Brewers,34-29,0.540,5.5,3.5,5.5,2025-06-06
Cincinnati Reds,30-33,0.476,9.5,7.5,9.5,2025-06-06
Pittsburgh Pirates,23-40,0.365,16.5,14.5,16.5,2025-06-06
Los Angeles Dodgers,38-25,0.603,0.0,-0.5,1.5,2025-06-06
San Diego Padres,35-26,0.574,2.0,1.5,3.5,2025-06-06
San Francisco Giants,35-28,0.556,3.0,2.5,4.5,2025-06-06
Arizona Diamondbacks,31-31,0.500,6.5,6.0,8.0,2025-06-06
Colorado Rockies,12-50,0.194,25.5,25.0,27.0,2025-06-06
New York Yankees,39-23,0.629,0.0,-5.5,1.5,2025-06-07
Tampa Bay Rays,34-29,0.540,5.5,0.0,7.0,2025-06-07
Toronto Blue Jays,34-29,0.540,5.5,0.0,7.0,2025-06-07
Boston Red Sox,30-35,0.462,10.5,5.0,12.0,2025-06-07
Baltimore Orioles,25-37,0.403,14.0,8.5,15.5,2025-06-07
Detroit Tigers,42-23,0.646,0.0,-7.0,0.0,2025-06-07
Minnesota Twins,34-29,0.540,7.0,0.0,7.0,2025-06-07
Cleveland Guardians,33-29,0.532,7.5,0.5,7.5,2025-06-07
Kansas City Royals,33-31,0.516,8.5,1.5,8.5,2025-06-07
Chicago White Sox,21-43,0.328,20.5,13.5,20.5,2025-06-07
Houston Astros,35-28,0.556,0.0,-1.0,6.0,2025-06-07
Seattle Mariners,32-30,0.516,2.5,1.5,8.5,2025-06-07
Los Angeles Angels of Anaheim,29-33,0.468,5.5,4.5,11.5,2025-06-07
Texas Rangers,29-35,0.453,6.5,5.5,12.5,2025-06-07
Athletics,25-40,0.385,11.0,10.0,17.0,2025-06-07
New York Mets,40-24,0.625,0.0,-2.5,0.0,2025-06-07
Philadelphia Phillies,37-26,0.587,2.5,0.0,2.5,2025-06-07
Washington Nationals,30-33,0.476,9.5,7.0,9.5,2025-06-07
Atlanta Braves,27-35,0.435,12.0,9.5,12.0,2025-06-07
Miami Marlins,23-38,0.377,15.5,13.0,15.5,2025-06-07
Chicago Cubs,39-24,0.619,0.0,-2.0,0.5,2025-06-07
St. Louis Cardinals,35-28,0.556,4.0,2.0,4.5,2025-06-07
Milwaukee Brewers,34-30,0.531,5.5,3.5,6.0,2025-06-07
Cincinnati Reds,30-33,0.476,9.0,7.0,9.5,2025-06-07
Pittsburgh Pirates,24-40,0.375,15.5,13.5,16.0,2025-06-07
Los Angeles Dodgers,38-26,0.594,0.0,-0.5,2.0,2025-06-07
San Diego Padres,36-26,0.581,1.0,0.5,3.0,2025-06-07
San Francisco Giants,36-28,0.563,2.0,1.5,4.0,2025-06-07
Arizona Diamondbacks,31-31,0.500,6.0,5.5,8.0,2025-06-07
Colorado Rockies,12-51,0.190,25.5,25.0,27.5,2025-06-07
New York Yankees,39-24,0.619,0.0,-4.5,1.5,2025-06-08
Toronto Blue Jays,35-29,0.547,4.5,0.0,6.0,2025-06-08
Tampa Bay Rays,34-30,0.531,5.5,1.0,7.0,2025-06-08
Boston Red Sox,31-35,0.470,9.5,5.0,11.0,2025-06-08
Baltimore Orioles,26-37,0.413,13.0,8.5,14.5,2025-06-08
Detroit Tigers,42-24,0.636,0.0,-6.0,0.0,2025-06-08
Minnesota Twins,34-30,0.531,7.0,1.0,7.0,2025-06-08
Cleveland Guardians,33-30,0.524,7.5,1.5,7.5,2025-06-08
Kansas City Royals,33-32,0.508,8.5,2.5,8.5,2025-06-08
Chicago White Sox,22-43,0.338,19.5,13.5,19.5,2025-06-08
Houston Astros,36-28,0.563,0.0,-1.0,5.0,2025-06-08
Seattle Mariners,32-31,0.508,3.5,2.5,8.5,2025-06-08
Los Angeles Angels of Anaheim,30-33,0.476,5.5,4.5,10.5,2025-06-08
Texas Rangers,30-35,0.462,6.5,5.5,11.5,2025-06-08
Athletics,25-41,0.379,12.0,11.0,17.0,2025-06-08
New York Mets,41-24,0.631,0.0,-3.5,0.0,2025-06-08
Philadelphia Phillies,37-27,0.578,3.5,0.0,3.5,2025-06-08
Washington Nationals,30-34,0.469,10.5,7.0,10.5,2025-06-08
Atlanta Braves,27-36,0.429,13.0,9.5,13.0,2025-06-08
Miami Marlins,24-38,0.387,15.5,12.0,15.5,2025-06-08
Chicago Cubs,40-24,0.625,0.0,-3.0,0.5,2025-06-08
St. Louis Cardinals,36-28,0.563,4.0,1.0,4.5,2025-06-08
Milwaukee Brewers,35-30,0.538,5.5,2.5,6.0,2025-06-08
Cincinnati Reds,32-33,0.492,8.5,5.5,9.0,2025-06-08
Pittsburgh Pirates,25-40,0.385,15.5,12.5,16.0,2025-06-08
Los Angeles Dodgers,38-27,0.585,0.0,-0.5,3.0,2025-06-08
San Diego Padres,36-27,0.571,1.0,0.5,4.0,2025-06-08
San Francisco Giants,37-28,0.569,1.0,0.5,4.0,2025-06-08
Arizona Diamondbacks,31-33,0.484,6.5,6.0,9.5,2025-06-08
Colorado Rockies,12-52,0.188,25.5,25.0,28.5,2025-06-08
New York Yankees,39-25,0.609,0.0,-4.5,2.5,2025-06-09
Tampa Bay Rays,35-30,0.538,4.5,0.0,7.0,2025-06-09
Toronto Blue Jays,35-30,0.538,4.5,0.0,7.0,2025-06-09
Boston Red Sox,32-35,0.478,8.5,4.0,11.0,2025-06-09
Baltimore Orioles,26-38,0.406,13.0,8.5,15.5,2025-06-09
Detroit Tigers,43-24,0.642,0.0,-7.0,0.0,2025-06-09
Minnesota Twins,35-30,0.538,7.0,0.0,7.0,2025-06-09
Cleveland Guardians,34-30,0.531,7.5,0.5,7.5,2025-06-09
Kansas City Royals,34-32,0.515,8.5,1.5,8.5,2025-06-09
Chicago White Sox,22-44,0.333,20.5,13.5,20.5,2025-06-09
Houston Astros,36-29,0.554,0.0,-1.0,6.0,2025-06-09
Seattle Mariners,33-31,0.516,2.5,1.5,8.5,2025-06-09
Texas Rangers,31-35,0.470,5.5,4.5,11.5,2025-06-09
Los Angeles Angels of Anaheim,30-34,0.469,5.5,4.5,11.5,2025-06-09
Athletics,26-41,0.388,11.0,10.0,17.0,2025-06-09
New York Mets,42-24,0.636,0.0,-4.0,0.0,2025-06-09
Philadelphia Phillies,37-28,0.569,4.5,0.5,4.5,2025-06-09
Washington Nationals,30-35,0.462,11.5,7.5,11.5,2025-06-09
Atlanta Braves,27-37,0.422,14.0,10.0,14.0,2025-06-09
Miami Marlins,24-39,0.381,16.5,12.5,16.5,2025-06-09
Chicago Cubs,40-25,0.615,0.0,-2.5,1.5,2025-06-09
St. Louis Cardinals,36-29,0.554,4.0,1.5,5.5,2025-06-09
Milwaukee Brewers,35-31,0.530,5.5,3.0,7.0,2025-06-09
Cincinnati Reds,33-33,0.500,7.5,5.0,9.0,2025-06-09
Pittsburgh Pirates,26-40,0.394,14.5,12.0,16.0,2025-06-09
Los Angeles Dodgers,39-27,0.591,0.0,-1.0,3.0,2025-06-09
San Diego Padres,37-27,0.578,1.0,0.0,4.0,2025-06-09
San Francisco Giants,38-28,0.576,1.0,0.0,4.0,2025-06-09
Arizona Diamondbacks,31-34,0.477,7.5,6.5,10.5,2025-06-09
Colorado Rockies,12-53,0.185,26.5,25.5,29.5,2025-06-09
New York Yankees,39-25,0.609,0.0,-4.0,2.5,2025-06-10
Toronto Blue Jays,36-30,0.545,4.0,0.0,6.5,2025-06-10
Tampa Bay Rays,36-30,0.545,4.0,0.0,6.5,2025-06-10
Boston Red Sox,32-36,0.471,9.0,5.0,11.5,2025-06-10
Baltimore Orioles,26-38,0.406,13.0,9.0,15.5,2025-06-10
Detroit Tigers,43-24,0.642,0.0,-6.5,0.0,2025-06-10
Minnesota Twins,35-30,0.538,7.0,0.5,7.0,2025-06-10
Cleveland Guardians,34-31,0.523,8.0,1.5,8.0,2025-06-10
Kansas City Royals,34-32,0.515,8.5,2.0,8.5,2025-06-10
Chicago White Sox,22-44,0.333,20.5,14.0,20.5,2025-06-10
Houston Astros,36-29,0.554,0.0,-0.5,6.0,2025-06-10
Seattle Mariners,33-32,0.508,3.0,2.5,9.0,2025-06-10
Los Angeles Angels of Anaheim,31-34,0.477,5.0,4.5,11.0,2025-06-10
Texas Rangers,31-35,0.470,5.5,5.0,11.5,2025-06-10
Athletics,26-42,0.382,11.5,11.0,17.5,2025-06-10
New York Mets,42-24,0.636,0.0,-4.0,0.0,2025-06-10
Philadelphia Phillies,38-28,0.576,4.0,0.0,4.0,2025-06-10
Washington Nationals,30-35,0.462,11.5,7.5,11.5,2025-06-10
Atlanta Braves,28-37,0.431,13.5,9.5,13.5,2025-06-10
Miami Marlins,24-40,0.375,17.0,13.0,17.0,2025-06-10
Chicago Cubs,40-26,0.606,0.0,-2.0,2.0,2025-06-10
St. Louis Cardinals,36-30,0.545,4.0,2.0,6.0,2025-06-10
Milwaukee Brewers,35-32,0.522,5.5,3.5,7.5,2025-06-10
Cincinnati Reds,34-33,0.507,6.5,4.5,8.5,2025-06-10
Pittsburgh Pirates,27-40,0.403,13.5,11.5,15.5,2025-06-10
Los Angeles Dodgers,40-27,0.597,0.0,-1.5,2.5,2025-06-10
San Francisco Giants,38-28,0.576,1.5,0.0,4.0,2025-06-10
San Diego Padres,37-28,0.569,2.0,0.5,4.5,2025-06-10
Arizona Diamondbacks,32-34,0.485,7.5,6.0,10.0,2025-06-10
Colorado Rockies,12-53,0.185,27.0,25.5,29.5,2025-06-10
New York Yankees,40-25,0.615,0.0,-4.0,2.5,2025-06-11
Toronto Blue Jays,37-30,0.552,4.0,0.0,6.5,2025-06-11
Tampa Bay Rays,36-31,0.537,5.0,1.0,7.5,2025-06-11
Boston Red Sox,33-36,0.478,9.0,5.0,11.5,2025-06-11
Baltimore Orioles,26-39,0.400,14.0,10.0,16.5,2025-06-11
Detroit Tigers,44-24,0.647,0.0,-6.5,0.0,2025-06-11
Minnesota Twins,35-31,0.530,8.0,1.5,8.0,2025-06-11
Cleveland Guardians,34-32,0.515,9.0,2.5,9.0,2025-06-11
Kansas City Royals,34-33,0.507,9.5,3.0,9.5,2025-06-11
Chicago White Sox,23-44,0.343,20.5,14.0,20.5,2025-06-11
Houston Astros,36-30,0.545,0.0,0.5,7.0,2025-06-11
Seattle Mariners,33-33,0.500,3.0,3.5,10.0,2025-06-11
Los Angeles Angels of Anaheim,32-34,0.485,4.0,4.5,11.0,2025-06-11
Texas Rangers,32-35,0.478,4.5,5.0,11.5,2025-06-11
Athletics,26-43,0.377,11.5,12.0,18.5,2025-06-11
New York Mets,43-24,0.642,0.0,-4.0,0.0,2025-06-11
Philadelphia Phillies,38-29,0.567,5.0,1.0,5.0,2025-06-11
Washington Nationals,30-36,0.455,12.5,8.5,12.5,2025-06-11
Atlanta Braves,28-38,0.424,14.5,10.5,14.5,2025-06-11
Miami Marlins,25-40,0.385,17.0,13.0,17.0,2025-06-11
Chicago Cubs,41-26,0.612,0.0,-2.0,2.0,2025-06-11
St. Louis Cardinals,36-31,0.537,5.0,3.0,7.0,2025-06-11
Milwaukee Brewers,36-32,0.529,5.5,3.5,7.5,2025-06-11
Cincinnati Reds,35-33,0.515,6.5,4.5,8.5,2025-06-11
Pittsburgh Pirates,27-41,0.397,14.5,12.5,16.5,2025-06-11
Los Angeles Dodgers,40-28,0.588,0.0,-0.5,3.5,2025-06-11
San Francisco Giants,39-28,0.582,0.5,0.0,4.0,2025-06-11
San Diego Padres,38-28,0.576,1.0,0.5,4.5,2025-06-11
Arizona Diamondbacks,33-34,0.493,6.5,6.0,10.0,2025-06-11
Colorado Rockies,12-54,0.182,27.0,26.5,30.5,2025-06-11
New York Yankees,41-25,0.621,0.0,-4.0,1.5,2025-06-12
Toronto Blue Jays,38-30,0.559,4.0,0.0,5.5,2025-06-12
Tampa Bay Rays,36-32,0.529,6.0,2.0,7.5,2025-06-12
Boston Red Sox,34-36,0.486,9.0,5.0,10.5,2025-06-12
Baltimore Orioles,27-39,0.409,14.0,10.0,15.5,2025-06-12
Detroit Tigers,44-25,0.638,0.0,-5.5,0.0,2025-06-12
Minnesota Twins,36-31,0.537,7.0,1.5,7.0,2025-06-12
Cleveland Guardians,35-32,0.522,8.0,2.5,8.0,2025-06-12
Kansas City Royals,34-34,0.500,9.5,4.0,9.5,2025-06-12
Chicago White Sox,23-45,0.338,20.5,15.0,20.5,2025-06-12
Houston Astros,37-30,0.552,0.0,0.5,6.0,2025-06-12
Seattle Mariners,33-34,0.493,4.0,4.5,10.0,2025-06-12
Los Angeles Angels of Anaheim,33-34,0.493,4.0,4.5,10.0,2025-06-12
Texas Rangers,32-36,0.471,5.5,6.0,11.5,2025-06-12
Athletics,26-44,0.371,12.5,13.0,18.5,2025-06-12
New York Mets,44-24,0.647,0.0,-4.0,0.0,2025-06-12
Philadelphia Phillies,39-29,0.574,5.0,1.0,5.0,2025-06-12
Washington Nationals,30-37,0.448,13.5,9.5,13.5,2025-06-12
Atlanta Braves,29-38,0.433,14.5,10.5,14.5,2025-06-12
Miami Marlins,25-41,0.379,18.0,14.0,18.0,2025-06-12
Chicago Cubs,41-27,0.603,0.0,-1.0,3.0,2025-06-12
St. Louis Cardinals,36-32,0.529,5.0,4.0,8.0,2025-06-12
Milwaukee Brewers,36-33,0.522,5.5,4.5,8.5,2025-06-12
Cincinnati Reds,35-34,0.507,6.5,5.5,9.5,2025-06-12
Pittsburgh Pirates,28-41,0.406,13.5,12.5,16.5,2025-06-12
Los Angeles Dodgers,41-28,0.594,0.0,-0.5,3.5,2025-06-12
San Francisco Giants,40-28,0.588,0.5,0.0,4.0,2025-06-12
San Diego Padres,38-29,0.567,2.0,1.5,5.5,2025-06-12
Arizona Diamondbacks,34-34,0.500,6.5,6.0,10.0,2025-06-12
Colorado Rockies,12-55,0.179,28.0,27.5,31.5,2025-06-12
New York Yankees,42-25,0.627,0.0,-4.5,1.5,2025-06-13
Toronto Blue Jays,38-30,0.559,4.5,0.0,6.0,2025-06-13
Tampa Bay Rays,36-32,0.529,6.5,2.0,8.0,2025-06-13
Boston Red Sox,34-36,0.486,9.5,5.0,11.0,2025-06-13
Baltimore Orioles,27-40,0.403,15.0,10.5,16.5,2025-06-13
Detroit Tigers,45-25,0.643,0.0,-6.0,0.0,2025-06-13
Minnesota Twins,36-32,0.529,8.0,2.0,8.0,2025-06-13
Cleveland Guardians,35-32,0.522,8.5,2.5,8.5,2025-06-13
Kansas City Royals,34-35,0.493,10.5,4.5,10.5,2025-06-13
Chicago White Sox,23-46,0.333,21.5,15.5,21.5,2025-06-13
Houston Astros,38-30,0.559,0.0,0.0,6.0,2025-06-13
Seattle Mariners,33-34,0.493,4.5,4.5,10.5,2025-06-13
Los Angeles Angels of Anaheim,33-34,0.493,4.5,4.5,10.5,2025-06-13
Texas Rangers,33-36,0.478,5.5,5.5,11.5,2025-06-13
Athletics,26-44,0.371,13.0,13.0,19.0,2025-06-13
New York Mets,45-24,0.652,0.0,-5.0,0.0,2025-06-13
Philadelphia Phillies,39-29,0.574,5.5,0.5,5.5,2025-06-13
Washington Nationals,30-38,0.441,14.5,9.5,14.5,2025-06-13
Atlanta Braves,29-38,0.433,15.0,10.0,15.0,2025-06-13
Miami Marlins,25-41,0.379,18.5,13.5,18.5,2025-06-13
Chicago Cubs,42-27,0.609,0.0,-2.0,3.0,2025-06-13
Milwaukee Brewers,37-33,0.529,5.5,3.5,8.5,2025-06-13
St. Louis Cardinals,36-33,0.522,6.0,4.0,9.0,2025-06-13
Cincinnati Reds,35-34,0.507,7.0,5.0,10.0,2025-06-13
Pittsburgh Pirates,28-42,0.400,14.5,12.5,17.5,2025-06-13
Los Angeles Dodgers,41-28,0.594,0.0,-1.0,4.0,2025-06-13
San Francisco Giants,40-29,0.580,1.0,0.0,5.0,2025-06-13
San Diego Padres,38-29,0.567,2.0,1.0,6.0,2025-06-13
Arizona Diamondbacks,34-34,0.500,6.5,5.5,10.5,2025-06-13
Colorado Rockies,13-55,0.191,27.5,26.5,31.5,2025-06-13
New York Yankees,42-26,0.618,0.0,-4.5,2.5,2025-06-14
Toronto Blue Jays,38-31,0.551,4.5,0.0,7.0,2025-06-14
Tampa Bay Rays,37-32,0.536,5.5,1.0,8.0,2025-06-14
Boston Red Sox,35-36,0.493,8.5,4.0,11.0,2025-06-14
Baltimore Orioles,28-40,0.412,14.0,9.5,16.5,2025-06-14
Detroit Tigers,46-25,0.648,0.0,-7.0,0.0,2025-06-14
Minnesota Twins,36-33,0.522,9.0,2.0,9.0,2025-06-14
Cleveland Guardians,35-33,0.515,9.5,2.5,9.5,2025-06-14
Kansas City Royals,34-36,0.486,11.5,4.5,11.5,2025-06-14
Chicago White Sox,23-47,0.329,22.5,15.5,22.5,2025-06-14
Houston Astros,39-30,0.565,0.0,-1.0,6.0,2025-06-14
Seattle Mariners,34-34,0.500,4.5,3.5,10.5,2025-06-14
Texas Rangers,34-36,0.486,5.5,4.5,11.5,2025-06-14
Los Angeles Angels of Anaheim,33-35,0.485,5.5,4.5,11.5,2025-06-14
Athletics,27-44,0.380,13.0,12.0,19.0,2025-06-14
New York Mets,45-25,0.643,0.0,-4.0,0.0,2025-06-14
Philadelphia Phillies,40-29,0.580,4.5,0.5,4.5,2025-06-14
Atlanta Braves,30-38,0.441,14.0,10.0,14.0,2025-06-14
Washington Nationals,30-39,0.435,14.5,10.5,14.5,2025-06-14
Miami Marlins,26-41,0.388,17.5,13.5,17.5,2025-06-14
Chicago Cubs,42-28,0.600,0.0,-1.0,3.0,2025-06-14
Milwaukee Brewers,38-33,0.535,4.5,3.5,7.5,2025-06-14
St. Louis Cardinals,36-34,0.514,6.0,5.0,9.0,2025-06-14
Cincinnati Reds,35-35,0.500,7.0,6.0,10.0,2025-06-14
Pittsburgh Pirates,29-42,0.408,13.5,12.5,16.5,2025-06-14
Los Angeles Dodgers,41-29,0.586,0.0,0.0,4.0,2025-06-14
San Francisco Giants,41-29,0.586,0.0,0.0,4.0,2025-06-14
San Diego Padres,38-30,0.559,2.0,2.0,6.0,2025-06-14
Arizona Diamondbacks,35-34,0.507,5.5,5.5,9.5,2025-06-14
Colorado Rockies,13-56,0.188,27.5,27.5,31.5,2025-06-14
New York Yankees,42-27,0.609,0.0,-4.5,2.5,2025-06-15
Toronto Blue Jays,38-32,0.543,4.5,0.0,7.0,2025-06-15
Tampa Bay Rays,38-32,0.543,4.5,0.0,7.0,2025-06-15
Boston Red Sox,36-36,0.500,7.5,3.0,10.0,2025-06-15
Baltimore Orioles,29-40,0.420,13.0,8.5,15.5,2025-06-15
Detroit Tigers,46-26,0.639,0.0,-7.0,0.0,2025-06-15
Minnesota Twins,36-34,0.514,9.0,2.0,9.0,2025-06-15
Cleveland Guardians,35-34,0.507,9.5,2.5,9.5,2025-06-15
Kansas City Royals,34-37,0.479,11.5,4.5,11.5,2025-06-15
Chicago White Sox,23-48,0.324,22.5,15.5,22.5,2025-06-15
Houston Astros,40-30,0.571,0.0,-2.0,5.0,2025-06-15
Seattle Mariners,35-34,0.507,4.5,2.5,9.5,2025-06-15
Texas Rangers,35-36,0.493,5.5,3.5,10.5,2025-06-15
Los Angeles Angels of Anaheim,33-36,0.478,6.5,4.5,11.5,2025-06-15
Athletics,28-44,0.389,13.0,11.0,18.0,2025-06-15
New York Mets,45-26,0.634,0.0,-3.5,0.0,2025-06-15
Philadelphia Phillies,41-29,0.586,3.5,0.0,3.5,2025-06-15
Atlanta Braves,31-38,0.449,13.0,9.5,13.0,2025-06-15
Washington Nationals,30-40,0.429,14.5,11.0,14.5,2025-06-15
Miami Marlins,27-41,0.397,16.5,13.0,16.5,2025-06-15
Chicago Cubs,43-28,0.606,0.0,-1.5,2.0,2025-06-15
Milwaukee Brewers,38-34,0.528,5.5,4.0,7.5,2025-06-15
St. Louis Cardinals,37-34,0.521,6.0,4.5,8.0,2025-06-15
Cincinnati Reds,36-35,0.507,7.0,5.5,9.0,2025-06-15
Pittsburgh Pirates,29-43,0.403,14.5,13.0,16.5,2025-06-15
Los Angeles Dodgers,42-29,0.592,0.0,-0.5,3.0,2025-06-15
San Francisco Giants,41-30,0.577,1.0,0.5,4.0,2025-06-15
San Diego Padres,38-31,0.551,3.0,2.5,6.0,2025-06-15
Arizona Diamondbacks,36-34,0.514,5.5,5.0,8.5,2025-06-15
Colorado Rockies,13-57,0.186,28.5,28.0,31.5,2025-06-15
New York Yankees,42-28,0.600,0.0,-3.5,2.5,2025-06-16
Tampa Bay Rays,39-32,0.549,3.5,0.0,6.0,2025-06-16
Toronto Blue Jays,38-33,0.535,4.5,1.0,7.0,2025-06-16
Boston Red Sox,37-36,0.507,6.5,3.0,9.0,2025-06-16
Baltimore Orioles,30-40,0.429,12.0,8.5,14.5,2025-06-16
Detroit Tigers,46-27,0.630,0.0,-6.0,0.0,2025-06-16
Minnesota Twins,36-35,0.507,9.0,3.0,9.0,2025-06-16
Cleveland Guardians,35-35,0.500,9.5,3.5,9.5,2025-06-16
Kansas City Royals,34-38,0.472,11.5,5.5,11.5,2025-06-16
Chicago White Sox,23-49,0.319,22.5,16.5,22.5,2025-06-16
Houston Astros,41-30,0.577,0.0,-2.0,4.0,2025-06-16
Seattle Mariners,36-34,0.514,4.5,2.5,8.5,2025-06-16
Texas Rangers,36-36,0.500,5.5,3.5,9.5,2025-06-16
Los Angeles Angels of Anaheim,33-37,0.471,7.5,5.5,11.5,2025-06-16
Athletics,29-44,0.397,13.0,11.0,17.0,2025-06-16
New York Mets,45-27,0.625,0.0,-2.5,0.0,2025-06-16
Philadelphia Phillies,42-29,0.592,2.5,0.0,2.5,2025-06-16
Atlanta Braves,31-39,0.443,13.0,10.5,13.0,2025-06-16
Washington Nationals,30-41,0.423,14.5,12.0,14.5,2025-06-16
Miami Marlins,28-41,0.406,15.5,13.0,15.5,2025-06-16
Chicago Cubs,44-28,0.611,0.0,-1.5,1.0,2025-06-16
Milwaukee Brewers,39-34,0.534,5.5,4.0,6.5,2025-06-16
St. Louis Cardinals,37-35,0.514,7.0,5.5,8.0,2025-06-16
Cincinnati Reds,37-35,0.514,7.0,5.5,8.0,2025-06-16
Pittsburgh Pirates,29-44,0.397,15.5,14.0,16.5,2025-06-16
Los Angeles Dodgers,43-29,0.597,0.0,-0.5,2.0,2025-06-16
San Francisco Giants,41-31,0.569,2.0,1.5,4.0,2025-06-16
San Diego Padres,39-31,0.557,3.0,2.5,5.0,2025-06-16
Arizona Diamondbacks,36-35,0.507,6.5,6.0,8.5,2025-06-16
Colorado Rockies,14-57,0.197,28.5,28.0,30.5,2025-06-16
New York Yankees,42-29,0.592,0.0,-2.5,3.0,2025-06-17
Tampa Bay Rays,40-32,0.556,2.5,0.0,5.5,2025-06-17
Toronto Blue Jays,38-33,0.535,4.0,1.5,7.0,2025-06-17
Boston Red Sox,38-36,0.514,5.5,3.0,8.5,2025-06-17
Baltimore Orioles,30-41,0.423,12.0,9.5,15.0,2025-06-17
Detroit Tigers,46-27,0.630,0.0,-5.5,0.0,2025-06-17
Minnesota Twins,36-35,0.507,9.0,3.5,9.0,2025-06-17
Cleveland Guardians,35-35,0.500,9.5,4.0,9.5,2025-06-17
Kansas City Royals,34-38,0.472,11.5,6.0,11.5,2025-06-17
Chicago White Sox,23-49,0.319,22.5,17.0,22.5,2025-06-17
Houston Astros,41-31,0.569,0.0,-1.0,4.5,2025-06-17
Seattle Mariners,36-35,0.507,4.5,3.5,9.0,2025-06-17
Texas Rangers,36-36,0.500,5.0,4.0,9.5,2025-06-17
Los Angeles Angels of Anaheim,34-37,0.479,6.5,5.5,11.0,2025-06-17
Athletics,30-44,0.405,12.0,11.0,16.5,2025-06-17
New York Mets,45-27,0.625,0.0,-2.0,0.0,2025-06-17
Philadelphia Phillies,43-29,0.597,2.0,0.0,2.0,2025-06-17
Atlanta Braves,31-39,0.443,13.0,11.0,13.0,2025-06-17
Washington Nationals,30-42,0.417,15.0,13.0,15.0,2025-06-17
Miami Marlins,28-42,0.400,16.0,14.0,16.0,2025-06-17
Chicago Cubs,44-28,0.611,0.0,-1.0,1.0,2025-06-17
Milwaukee Brewers,39-34,0.534,5.5,4.5,6.5,2025-06-17
St. Louis Cardinals,37-35,0.514,7.0,6.0,8.0,2025-06-17
Cincinnati Reds,37-35,0.514,7.0,6.0,8.0,2025-06-17
Pittsburgh Pirates,29-44,0.397,15.5,14.5,16.5,2025-06-17
Los Angeles Dodgers,44-29,0.603,0.0,-0.5,1.5,2025-06-17
San Francisco Giants,41-31,0.569,2.5,2.0,4.0,2025-06-17
San Diego Padres,39-32,0.549,4.0,3.5,5.5,2025-06-17
Arizona Diamondbacks,36-35,0.507,7.0,6.5,8.5,2025-06-17
Colorado Rockies,15-57,0.208,28.5,28.0,30.0,2025-06-17
